way_point.x,way_point.y,way_point.v,way_point.a
456870,4399698.215,0,0.721124785
456870.5,4399698.215,1.040041912,1.629685082
456871,4399698.215,1.650963624,1.942866836
456871.5,4399698.215,2.161883719,1.896727312
456872,4399698.215,2.562710507,1.699207115
456872.5,4399698.215,2.874880213,1.52412809
456873,4399698.215,3.128560856,1.363648351
456873.5,4399698.215,3.339266826,1.213493211
456874,4399698.215,3.516186768,1.07100363
456874.5,4399698.215,3.665254658,0.934375895
456875,4399698.215,3.790526654,0.802306287
456875.5,4399698.215,3.894881816,0.673803743
456876,4399698.215,3.98041184,0.548081963
456876.5,4399698.215,4.048652129,0.424492731
456877,4399698.215,4.100725081,0.302482111
456877.5,4399698.215,4.137431355,0.181559931
456878,4399698.215,4.159308261,0.061277159
456878.5,4399698.215,4.166665896,6.42E-06
456879,4399698.215,4.166666667,0
456879.5,4399698.215,4.166666667,0
456880,4399698.215,4.166666667,0
456880.5,4399698.215,4.166666667,0
456881,4399698.215,4.166666667,0
456881.5,4399698.215,4.166666667,0
456882,4399698.215,4.166666667,0
456882.5,4399698.215,4.166666667,0
456883,4399698.215,4.166666667,0
456883.5,4399698.215,4.166666667,0
456884,4399698.215,4.166666667,0
456884.5,4399698.215,4.166666667,0
456885,4399698.215,4.166666667,0
456885.5,4399698.215,4.166666667,0
456886,4399698.215,4.166666667,0
456886.5,4399698.215,4.166666667,0
456887,4399698.215,4.166666667,0
456887.5,4399698.215,4.166666667,0
456888,4399698.215,4.166666667,0
456888.5,4399698.215,4.166666667,0
456889,4399698.215,4.166666667,0
456889.5,4399698.215,4.166666667,0
456890,4399698.215,4.166666667,0
456890.5,4399698.215,4.166666667,0
456891,4399698.215,4.166666667,0
456891.5,4399698.215,4.166666667,0
456892,4399698.215,4.166666667,0
456892.5,4399698.215,4.166666667,0
456893,4399698.215,4.166666667,0
456893.5,4399698.215,4.166666667,0
456894,4399698.215,4.166666667,0
456894.5,4399698.215,4.166666667,0
456895,4399698.215,4.166666667,0
456895.5,4399698.215,4.166666667,0
456896,4399698.215,4.166666667,0
456896.5,4399698.215,4.166666667,0
456897,4399698.215,4.166666667,0
456897.5,4399698.215,4.166666667,0
456898,4399698.215,4.166666667,0
456898.5,4399698.215,4.166666667,0
456899,4399698.215,4.166666667,0
456899.5,4399698.215,4.166666667,0
456900,4399698.215,4.166666667,0
456900.5,4399698.215,4.166666667,0
456901,4399698.215,4.166666667,0
456901.5,4399698.215,4.166666667,0
456902,4399698.215,4.166666667,0
456902.5,4399698.215,4.166666667,0
456903,4399698.215,4.166666667,0
456903.5,4399698.215,4.166666667,0
456904,4399698.215,4.166666667,0
456904.5,4399698.215,4.166666667,0
456905,4399698.215,4.166666667,0
456905.5,4399698.215,4.166666667,0
456906,4399698.215,4.166666667,0
456906.5,4399698.215,4.166666667,0
456907,4399698.215,4.166666667,0
456907.5,4399698.215,4.166666667,0
456908,4399698.215,4.166666667,0
456908.5,4399698.215,4.166666667,0
456909,4399698.215,4.166666667,0
456909.5,4399698.215,4.166666667,0
456910,4399698.215,4.166666667,0
456910.5,4399698.215,4.166666667,0
456911,4399698.215,4.166666667,0
456911.5,4399698.215,4.166666667,0
456912,4399698.215,4.166666667,0
456912.5,4399698.215,4.166666667,0.0599655
456913,4399698.215,4.173858389,0.179690913
456913.5,4399698.215,4.195335016,0.298806512
456914,4399698.215,4.230806746,0.416928248
456914.5,4399698.215,4.2798092,0.533703686
456915,4399698.215,4.341728847,0.64882076
456915.5,4399698.215,4.415834153,0.762013405
456916,4399698.215,4.496036875,0.873064068
456916.5,4399698.215,4.564166995,0.981803418
456917,4399698.215,4.619449653,1.088107829
456917.5,4399698.215,4.662482801,1.151128931
456918,4399698.215,4.693710034,1.063745748
456918.5,4399698.215,4.713441852,0.964523213
456919,4399698.215,4.721869688,0.86713734
456919.5,4399698.215,4.722222222,0.771318179
456920,4399698.215,4.722222222,0.676830665
456920.5,4399698.215,4.722222222,0.583466912
456921,4399698.215,4.722222222,0.491040294
456921.5,4399698.215,4.722222222,0.399380808
456922,4399698.215,4.722222222,0.308331328
456922.5,4399698.215,4.722222222,0.217744524
456923,4399698.215,4.722222222,0.127480234
456923.5,4399698.215,4.722222222,0.037724444
456924,4399698.215,4.722222222,0
456924.5,4399698.215,4.722222222,0
456925,4399698.215,4.722222222,0
456925.5,4399698.215,4.722222222,0
456926,4399698.215,4.722222222,0
456926.5,4399698.215,4.722222222,0
456927,4399698.215,4.722222222,0
456927.5,4399698.215,4.722222222,0
456928,4399698.215,4.722222222,0
456928.5,4399698.215,4.722222222,0
456929,4399698.215,4.722222222,0
456929.5,4399698.215,4.722222222,0
456930,4399698.215,4.722222222,0
456930.5,4399698.215,4.722222222,0
456931,4399698.215,4.722222222,0
456931.5,4399698.215,4.722222222,0
456932,4399698.215,4.722222222,0
456932.5,4399698.215,4.722222222,0
456933,4399698.215,4.722222222,0
456933.5,4399698.215,4.722222222,0
456934,4399698.215,4.722222222,0
456934.5,4399698.215,4.722222222,0
456935,4399698.215,4.722222222,0
456935.5,4399698.215,4.722222222,0
456936,4399698.215,4.722222222,0
456936.5,4399698.215,4.722222222,0
456937,4399698.215,4.722222222,0
456937.5,4399698.215,4.722222222,0
456938,4399698.215,4.722222222,0
456938.5,4399698.215,4.722222222,0
456939,4399698.215,4.722222222,0
456939.5,4399698.215,4.722222222,0
456940,4399698.215,4.722222222,0
456940.5,4399698.215,4.722222222,0
456941,4399698.215,4.722222222,0
456941.5,4399698.215,4.722222222,0
456942,4399698.215,4.722222222,0
456942.5,4399698.215,4.722222222,0
456943,4399698.215,4.722222222,0
456943.5,4399698.215,4.722222222,0
456944,4399698.215,4.722222222,0
456944.5,4399698.215,4.722222222,0
456945,4399698.215,4.722222222,0
456945.5,4399698.215,4.722222222,0
456946,4399698.215,4.722222222,0
456946.5,4399698.215,4.722222222,0
456947,4399698.215,4.722222222,0
456947.5,4399698.215,4.722222222,0
456948,4399698.215,4.722222222,0
456948.5,4399698.215,4.722222222,0
456949,4399698.215,4.722222222,0
456949.5,4399698.215,4.722222222,0
456950,4399698.215,4.722222222,0
456950.5,4399698.215,4.722222222,0
456951,4399698.215,4.722222222,0
456951.5,4399698.215,4.722222222,0
456952,4399698.215,4.722222222,0
456952.5,4399698.215,4.722222222,0
456953,4399698.215,4.722222222,0
456953.5,4399698.215,4.722222222,0
456954,4399698.215,4.722222222,0
456954.5,4399698.215,4.722222222,0
456955,4399698.215,4.722222222,0
456955.5,4399698.215,4.722222222,0
456956,4399698.215,4.722222222,0
456956.5,4399698.215,4.722222222,0
456957,4399698.215,4.722222222,0
456957.5,4399698.215,4.722222222,0
456958,4399698.215,4.722222222,0
456958.5,4399698.215,4.722222222,0
456959,4399698.215,4.722222222,0
456959.5,4399698.215,4.722222222,0
456960,4399698.215,4.722222222,0
456960.5,4399698.215,4.722222222,0
456961,4399698.215,4.722222222,0
456961.5,4399698.215,4.722222222,0
456962,4399698.215,4.722222222,0
456962.5,4399698.215,4.722222222,0
456963,4399698.215,4.722222222,0
456963.5,4399698.215,4.722222222,0
456964,4399698.215,4.722222222,0
456964.5,4399698.215,4.722222222,0
456965,4399698.215,4.722222222,0
456965.5,4399698.215,4.722222222,0
456966,4399698.215,4.722222222,0
456966.5,4399698.215,4.722222222,0
456967,4399698.215,4.722222222,0
456967.5,4399698.215,4.722222222,0
456968,4399698.215,4.722222222,0
456968.5,4399698.215,4.722222222,0
456969,4399698.215,4.722222222,0
456969.5,4399698.215,4.722222222,0
456970,4399698.215,4.722222222,0
456970.5,4399698.215,4.722222222,0
456971,4399698.215,4.722222222,0
456971.5,4399698.215,4.722222222,0
456972,4399698.215,4.722222222,0
456972.5,4399698.215,4.722222222,0
456973,4399698.215,4.722222222,0
456973.5,4399698.215,4.722222222,0
456974,4399698.215,4.722222222,0
456974.5,4399698.215,4.722222222,0
456975,4399698.215,4.722222222,0
456975.5,4399698.215,4.722222222,0
456976,4399698.215,4.722222222,0
456976.5,4399698.215,4.722222222,0
456977,4399698.215,4.722222222,0
456977.5,4399698.215,4.722222222,0
456978,4399698.215,4.722222222,0
456978.5,4399698.215,4.722222222,0
456979,4399698.215,4.722222222,0
456979.5,4399698.215,4.722222222,0
456980,4399698.215,4.722222222,0
456980.5,4399698.215,4.722222222,-0.037724444
456981,4399698.215,4.722222222,-0.127480234
456981.5,4399698.215,4.722222222,-0.217744524
456982,4399698.215,4.722222222,-0.308331328
456982.5,4399698.215,4.722222222,-0.399380808
456983,4399698.215,4.722222222,-0.491040294
456983.5,4399698.215,4.722222222,-0.583466912
456984,4399698.215,4.722222222,-0.676830665
456984.5,4399698.215,4.722222222,-0.771318179
456985,4399698.215,4.722222222,-0.86713734
456985.5,4399698.215,4.722222222,-0.964523213
456986,4399698.215,4.722222222,-1.063745748
456986.5,4399698.215,4.722222222,-1.151128931
456987,4399698.215,4.722222222,-1.088107829
456987.5,4399698.215,4.722222222,-0.981803418
456988,4399698.215,4.722222222,-0.873064068
456988.5,4399698.215,4.722222222,-0.762013405
456989,4399698.215,4.722222222,-0.64882076
456989.5,4399698.215,4.722222222,-0.533703686
456990,4399698.215,4.722222222,-0.416928248
456990.5,4399698.215,4.722222222,-0.298806512
456991,4399698.215,4.722222222,-0.179690913
456991.5,4399698.215,4.722222222,-0.0599655
456992,4399698.215,4.722222222,0
456992.5,4399698.215,4.722222222,0
456993,4399698.215,4.727823329,0
456993.5,4399698.215,4.744573781,0
456994,4399698.215,4.77231714,0
456994.5,4399698.215,4.810799675,0
456995,4399698.215,4.859680203,0
456995.5,4399698.215,4.918542646,0
456996,4399698.215,4.98691031,0
456996.5,4399698.215,5.064260867,0
456997,4399698.215,5.149893937,0
456997.5,4399698.215,5.23200362,0
456998,4399698.215,5.303841197,0
456998.5,4399698.215,5.365940064,0
456999,4399698.215,5.418735881,0
456999.5,4399698.215,5.46258162,0
457000,4399698.215,5.497758875,0
457000.5,4399698.215,5.524486316,0
457001,4399698.215,5.54292592,0
457001.5,4399698.215,5.553187391,0
457002,4399698.215,5.555555556,0
457002.5,4399698.215,5.555555556,0
457003,4399698.215,5.555555556,0
457003.5,4399698.215,5.555555556,0
457004,4399698.215,5.555555556,0
457004.5,4399698.215,5.555555556,0
457005,4399698.215,5.555555556,0
457005.5,4399698.215,5.555555556,0
457006,4399698.215,5.555555556,0
457006.5,4399698.215,5.555555556,0
457007,4399698.215,5.555555556,0
457007.5,4399698.215,5.555555556,0
457008,4399698.215,5.555555556,0
457008.5,4399698.215,5.555555556,0
457009,4399698.215,5.555555556,0
457009.5,4399698.215,5.555555556,0
457010,4399698.215,5.555555556,0
457010.5,4399698.215,5.555555556,0
457011,4399698.215,5.555555556,0
457011.5,4399698.215,5.555555556,0
457012,4399698.215,5.555555556,0
457012.5,4399698.215,5.555555556,0
457013,4399698.215,5.555555556,0
457013.5,4399698.215,5.555555556,0
457014,4399698.215,5.555555556,0
457014.5,4399698.215,5.555555556,0
457015,4399698.215,5.555555556,0
457015.5,4399698.215,5.555555556,0
457016,4399698.215,5.555555556,0
457016.5,4399698.215,5.555555556,0
457017,4399698.215,5.555555556,0
457017.5,4399698.215,5.555555556,0
457018,4399698.215,5.555555556,0
457018.5,4399698.215,5.555555556,0
457019,4399698.215,5.555555556,0
457019.5,4399698.215,5.555555556,0
457020,4399698.215,5.555555556,0
457020.5,4399698.215,5.555555556,0
457021,4399698.215,5.555555556,0
457021.5,4399698.215,5.555555556,0
457022,4399698.215,5.555555556,0
457022.5,4399698.215,5.555555556,0
457023,4399698.215,5.555555556,0
457023.5,4399698.215,5.555555556,0.0599655
457024,4399698.215,5.555555556,0.179690913
457024.5,4399698.215,5.555555556,0.298806512
457025,4399698.215,5.555555556,0.416928248
457025.5,4399698.215,5.555555556,0.533703686
457026,4399698.215,5.555555556,0.64882076
457026.5,4399698.215,5.555555556,0.762013405
457027,4399698.215,5.555555556,0.873064068
457027.5,4399698.215,5.555555556,0.981803418
457028,4399698.215,5.555555556,1.088107829
457028.5,4399698.215,5.555555556,1.151128931
457029,4399698.215,5.555555556,1.063745748
457029.5,4399698.215,5.555555556,0.964523213
457030,4399698.215,5.555555556,0.86713734
457030.5,4399698.215,5.555555556,0.771318179
457031,4399698.215,5.555555556,0.676830665
457031.5,4399698.215,5.555555556,0.583466912
457032,4399698.215,5.555555556,0.491040294
457032.5,4399698.215,5.555555556,0.399380808
457033,4399698.215,5.555555556,0.308331328
457033.5,4399698.215,5.555555556,0.217744524
457034,4399698.215,5.555555556,0.127480234
457034.5,4399698.215,5.555555556,0.037724444
457035,4399698.215,5.555555556,0
457035.5,4399698.215,5.555555556,0
457036,4399698.215,5.555555556,0
457036.5,4399698.215,5.555555556,0
457037,4399698.215,5.555555556,0
457037.5,4399698.215,5.555555556,0
457038,4399698.215,5.555555556,0
457038.5,4399698.215,5.555555556,0
457039,4399698.215,5.555555556,0
457039.5,4399698.215,5.555555556,0
457040,4399698.215,5.555555556,0
457040.5,4399698.215,5.555555556,0
457041,4399698.215,5.555555556,0
457041.5,4399698.215,5.555555556,0
457042,4399698.215,5.555555556,0
457042.5,4399698.215,5.555555556,0
457043,4399698.215,5.555555556,0
457043.5,4399698.215,5.555555556,0
457044,4399698.215,5.555555556,0
457044.5,4399698.215,5.555555556,0
457045,4399698.215,5.555555556,0
457045.5,4399698.215,5.555555556,0
457046,4399698.215,5.555555556,0
457046.5,4399698.215,5.555555556,0
457047,4399698.215,5.555555556,0
457047.5,4399698.215,5.555555556,0
457048,4399698.215,5.555555556,0
457048.5,4399698.215,5.555555556,0
457049,4399698.215,5.555555556,0
457049.5,4399698.215,5.555555556,0
457050,4399698.215,5.555555556,0
457050.5,4399698.215,5.555555556,0
457051,4399698.215,5.555555556,0
457051.5,4399698.215,5.555555556,0
457052,4399698.215,5.555555556,0
457052.5,4399698.215,5.555555556,0
457053,4399698.215,5.555555556,0
457053.5,4399698.215,5.555555556,0
457054,4399698.215,5.555555556,0
457054.5,4399698.215,5.555555556,0
457055,4399698.215,5.555555556,0
457055.5,4399698.215,5.555555556,0
457056,4399698.215,5.555555556,0
457056.5,4399698.215,5.555555556,0
457057,4399698.215,5.555555556,0
457057.5,4399698.215,5.555555556,0
457058,4399698.215,5.555555556,0
457058.5,4399698.215,5.555555556,0
457059,4399698.215,5.555555556,0
457059.5,4399698.215,5.555555556,0
457060,4399698.215,5.555555556,0
457060.5,4399698.215,5.555555556,0
457061,4399698.215,5.555555556,0
457061.5,4399698.215,5.555555556,0
457062,4399698.215,5.555555556,0
457062.5,4399698.215,5.555555556,0
457063,4399698.215,5.555555556,0
457063.5,4399698.215,5.555555556,0
457064,4399698.215,5.555555556,0
457064.5,4399698.215,5.555555556,0
457065,4399698.215,5.555555556,0
457065.5,4399698.215,5.555555556,0
457066,4399698.215,5.555555556,0
457066.5,4399698.215,5.555555556,0
457067,4399698.215,5.555555556,0
457067.5,4399698.215,5.555555556,0
457068,4399698.215,5.555555556,0
457068.5,4399698.215,5.555555556,0
457069,4399698.215,5.555555556,0
457069.5,4399698.215,5.555555556,0
457070,4399698.215,5.555555556,0
457070.5,4399698.215,5.555555556,0
457071,4399698.215,5.555555556,0
457071.5,4399698.215,5.555555556,0
457072,4399698.215,5.555555556,0
457072.5,4399698.215,5.555555556,0
457073,4399698.215,5.555555556,0
457073.5,4399698.215,5.555555556,0
457074,4399698.215,5.555555556,0
457074.5,4399698.215,5.555555556,0
457075,4399698.215,5.555555556,0
457075.5,4399698.215,5.555555556,0
457076,4399698.215,5.555555556,0
457076.5,4399698.215,5.555555556,0
457077,4399698.215,5.555555556,0
457077.5,4399698.215,5.555555556,0
457078,4399698.215,5.555555556,0
457078.5,4399698.215,5.555555556,0
457079,4399698.215,5.555555556,0
457079.5,4399698.215,5.555555556,0
457080,4399698.215,5.555555556,0
457080.5,4399698.215,5.555555556,0
457081,4399698.215,5.555555556,0
457081.5,4399698.215,5.555555556,0
457082,4399698.215,5.555555556,0
457082.5,4399698.215,5.555555556,0
457083,4399698.215,5.555555556,0
457083.5,4399698.215,5.555555556,0
457084,4399698.215,5.555555556,0
457084.5,4399698.215,5.555555556,0
457085,4399698.215,5.555555556,0
457085.5,4399698.215,5.555555556,0
457086,4399698.215,5.555555556,0
457086.5,4399698.215,5.555555556,0
457087,4399698.215,5.555555556,0
457087.5,4399698.215,5.555555556,0
457088,4399698.215,5.555555556,0
457088.5,4399698.215,5.555555556,0
457089,4399698.215,5.555555556,0
457089.5,4399698.215,5.555555556,0
457090,4399698.215,5.555555556,0
457090.5,4399698.215,5.555555556,0
457091,4399698.215,5.555555556,0
457091.5,4399698.215,5.555555556,0
457092,4399698.215,5.555555556,0
457092.5,4399698.215,5.555555556,0
457093,4399698.215,5.555555556,0
457093.5,4399698.215,5.555555556,0
457094,4399698.215,5.555555556,0
457094.5,4399698.215,5.555555556,0
457095,4399698.215,5.555555556,0
457095.5,4399698.215,5.555555556,0
457096,4399698.215,5.555555556,0
457096.5,4399698.215,5.555555556,0
457097,4399698.215,5.555555556,0
457097.5,4399698.215,5.555555556,0
457098,4399698.215,5.555555556,-0.037724444
457098.5,4399698.215,5.552159722,-0.127480234
457099,4399698.215,5.540668994,-0.217744524
457099.5,4399698.215,5.520986794,-0.308331328
457100,4399698.215,5.49299575,-0.399380808
457100.5,4399698.215,5.456525651,-0.491040294
457101,4399698.215,5.41134878,-0.583466912
457101.5,4399698.215,5.357173373,-0.676830665
457102,4399698.215,5.293634783,-0.771318179
457102.5,4399698.215,5.22028367,-0.86713734
457103,4399698.215,5.136570285,-0.964523213
457103.5,4399698.215,5.041823425,-1.063745748
457104,4399698.215,4.935221994,-1.151128931
457104.5,4399698.215,4.817194868,-1.088107829
457105,4399698.215,4.702876594,-0.981803418
457105.5,4399698.215,4.597286296,-0.873064068
457106,4399698.215,4.501309133,-0.762013405
457106.5,4399698.215,4.415834153,-0.64882076
457107,4399698.215,4.341728847,-0.533703686
457107.5,4399698.215,4.2798092,-0.416928248
457108,4399698.215,4.230806746,-0.298806512
457108.5,4399698.215,4.195335016,-0.179690913
457109,4399698.215,4.173858389,-0.0599655
457109.5,4399698.215,4.166666667,0
457110,4399698.215,4.166666667,0.0599655
457110.5,4399698.215,4.173858389,0.179690913
457111,4399698.215,4.195335016,0.298806512
457111.5,4399698.215,4.230806746,0.416928248
457112,4399698.215,4.2798092,0.533703686
457112.5,4399698.215,4.341728847,0.64882076
457113,4399698.215,4.415834153,0.762013405
457113.5,4399698.215,4.501309133,0.873064068
457114,4399698.215,4.597286296,0.981803418
457114.5,4399698.215,4.702876594,1.088107829
457115,4399698.215,4.817194868,1.191895288
457115.5,4399698.215,4.939380092,1.293120372
457116,4399698.215,5.068610379,1.391768833
457116.5,4399698.215,5.204113189,1.487852214
457117,4399698.215,5.345171429,1.581402791
457117.5,4399698.215,5.491126261,1.672469011
457118,4399698.215,5.641377379,1.761111518
457118.5,4399698.215,5.795381482,1.84739977
457119,4399698.215,5.952649515,1.85233854
457119.5,4399698.215,6.106242654,1.770461275
457120,4399698.215,6.249520321,1.690421796
457120.5,4399698.215,6.383320948,1.612063998
457121,4399698.215,6.508358084,1.535214813
457121.5,4399698.215,6.625241644,1.459724053
457122,4399698.215,6.734496929,1.385460181
457122.5,4399698.215,6.836579313,1.312307025
457123,4399698.215,6.931885742,1.240161186
457123.5,4399698.215,7.020763851,1.168929964
457124,4399698.215,7.103519261,1.098529686
457124.5,4399698.215,7.180421489,1.028884342
457125,4399698.215,7.251708769,0.959924455
457125.5,4399698.215,7.317592008,0.891586143
457126,4399698.215,7.378258069,0.823810334
457126.5,4399698.215,7.433872491,0.756542094
457127,4399698.215,7.484581775,0.689730061
457127.5,4399698.215,7.530515284,0.623325949
457128,4399698.215,7.571786859,0.557284122
457128.5,4399698.215,7.60849616,0.49156122
457129,4399698.215,7.640729804,0.426115825
457129.5,4399698.215,7.668562314,0.360908164
457130,4399698.215,7.692056912,0.295899842
457130.5,4399698.215,7.711266166,0.231053594
457131,4399698.215,7.726232524,0.166333063
457131.5,4399698.215,7.736988728,0.101702581
457132,4399698.215,7.743558135,0.037126975
457132.5,4399698.215,7.745954938,0.000182093
457133,4399698.215,7.745966692,0
457133.5,4399698.215,7.745966692,0
457134,4399698.215,7.745966692,0
457134.5,4399698.215,7.745966692,0
457135,4399698.215,7.745966692,0
457135.5,4399698.215,7.745966692,0
457136,4399698.215,7.745966692,0
457136.5,4399698.215,7.745966692,0
457137,4399698.215,7.745966692,0
457137.5,4399698.215,7.745966692,0
457138,4399698.215,7.745966692,0
457138.5,4399698.215,7.745966692,0
457139,4399698.215,7.745966692,0
457139.5,4399698.215,7.745966692,0
457140,4399698.215,7.745966692,0
457140.5,4399698.215,7.745966692,0
457141,4399698.215,7.745966692,0
457141.5,4399698.215,7.745966692,0
457142,4399698.215,7.745966692,0
457142.5,4399698.215,7.745966692,0
457143,4399698.215,7.745966692,0
457143.5,4399698.215,7.745966692,0
457144,4399698.215,7.745966692,0
457144.5,4399698.215,7.745966692,0
457145,4399698.215,7.745966692,0
457145.5,4399698.215,7.745966692,0
457146,4399698.215,7.745966692,0
457146.5,4399698.215,7.745966692,0
457147,4399698.215,7.745966692,0
457147.5,4399698.215,7.745966692,0
457148,4399698.215,7.745966692,0
457148.5,4399698.215,7.745966692,0
457149,4399698.215,7.745966692,0
457149.5,4399698.215,7.745966692,0
457150,4399698.215,7.745966692,0
457150.5,4399698.215,7.745966692,0
457151,4399698.215,7.745966692,0
457151.5,4399698.215,7.745966692,0
457152,4399698.215,7.745966692,0
457152.5,4399698.215,7.745966692,0
457153,4399698.215,7.745966692,0
457153.5,4399698.215,7.745966692,0
457154,4399698.215,7.745966692,0
457154.5,4399698.215,7.745966692,0
457155,4399698.215,7.745966692,0
457155.5,4399698.215,7.745966692,0
457156,4399698.215,7.745966692,0
457156.5,4399698.215,7.745966692,0
457157,4399698.215,7.745966692,0
457157.5,4399698.215,7.745966692,0
457158,4399698.215,7.745966692,0
457158.5,4399698.215,7.745966692,0
457159,4399698.215,7.745966692,0
457159.5,4399698.215,7.745966692,0
457160,4399698.215,7.745966692,0
457160.5,4399698.215,7.745966692,0
457161,4399698.215,7.745966692,0
457161.5,4399698.215,7.745966692,0
457162,4399698.215,7.745966692,0
457162.5,4399698.215,7.745966692,0.032271968
457163,4399698.215,7.748049652,0.096798568
457163.5,4399698.215,7.754294056,0.161273246
457164,4399698.215,7.76468652,0.225661699
457164.5,4399698.215,7.779204874,0.289930079
457165,4399698.215,7.79781837,0.354045169
457165.5,4399698.215,7.820487964,0.417974548
457166,4399698.215,7.847166664,0.481686745
457166.5,4399698.215,7.87779995,0.545151377
457167,4399698.215,7.912326239,0.608339274
457167.5,4399698.215,7.950677404,0.671222589
457168,4399698.215,7.992779328,0.733774893
457168.5,4399698.215,8.038552479,0.795971247
457169,4399698.215,8.087912515,0.857788263
457169.5,4399698.215,8.140770882,0.919204145
457170,4399698.215,8.19703543,0.980198716
457170.491,4399698.214,8.256611002,1.04075343
457170.982,4399698.21,8.319400024,1.100851367
457171.473,4399698.204,8.385303065,1.160477218
457171.964,4399698.195,8.454219373,1.219617255
457172.455,4399698.184,8.526047384,1.278259298
457172.946,4399698.171,8.600685188,1.336392663
457173.437,4399698.155,8.678030972,1.394008114
457173.928,4399698.136,8.757983415,1.451097795
457174.418,4399698.116,8.840442051,1.507655175
457174.909,4399698.092,8.925307594,1.563674972
457175.399,4399698.066,9.012482221,1.619153088
457175.889,4399698.038,9.101869823,1.674086533
457176.379,4399698.008,9.193376223,1.728473354
457176.869,4399697.974,9.286909356,1.782312566
457177.359,4399697.939,9.382379421,1.835604076
457177.849,4399697.901,9.479699007,1.888348617
457178.338,4399697.86,9.578783187,1.94054768
457178.827,4399697.817,9.679549593,1.992203447
457179.316,4399697.772,9.781918463,2.04331873
457179.805,4399697.724,9.885812678,2.093896912
457180.294,4399697.674,9.991157774,2.14394189
457180.782,4399697.621,10.09788194,2.193458021
457181.27,4399697.566,10.205916,2.24245007
457181.757,4399697.509,10.31519339,2.290923168
457182.245,4399697.449,10.42565013,2.338882764
457182.732,4399697.386,10.53722476,2.386334584
457183.219,4399697.321,10.64985831,2.433284595
457183.705,4399697.254,10.76349423,2.47973897
457184.191,4399697.184,10.87807831,2.525704053
457184.677,4399697.112,10.99355866,2.571186332
457185.162,4399697.037,11.1098856,2.616192413
457185.647,4399696.96,11.22701161,2.66072899
457186.132,4399696.881,11.34489124,2.704802827
457186.616,4399696.799,11.46348106,2.748420736
457187.1,4399696.715,11.58273958,2.791589559
457187.583,4399696.628,11.70262716,2.834316151
457188.066,4399696.539,11.82310598,2.876607362
457188.549,4399696.447,11.9441399,2.91847003
457189.031,4399696.353,12.06569448,2.959910961
457189.512,4399696.257,12.18773682,2.971620728
457189.993,4399696.158,12.30904221,2.93194731
457190.474,4399696.057,12.42756754,2.891711514
457190.954,4399695.953,12.54336939,2.851847314
457191.433,4399695.847,12.65653717,2.812339681
457191.912,4399695.739,12.76715491,2.773174467
457192.391,4399695.628,12.87530161,2.734338327
457192.869,4399695.515,12.98105171,2.695818663
457193.346,4399695.399,13.08447541,2.657603559
457193.822,4399695.281,13.185639,2.619681735
457194.299,4399695.161,13.28460515,2.582042493
457194.774,4399695.038,13.38143317,2.54467568
457195.249,4399694.913,13.47617927,2.507571647
457195.723,4399694.786,13.56889672,2.47072121
457196.197,4399694.656,13.65963612,2.434115625
457196.67,4399694.524,13.74844554,2.397746551
457197.142,4399694.389,13.8353707,2.361606029
457197.614,4399694.252,13.92045509,2.325686451
457198.085,4399694.113,14.00374017,2.289980544
457198.555,4399693.972,14.08526542,2.254481344
457199.024,4399693.828,14.16506854,2.219182178
457199.493,4399693.681,14.24318548,2.184076649
457199.961,4399693.533,14.31965061,2.149158613
457200.428,4399693.382,14.39449677,2.114422171
457200.895,4399693.228,14.46775534,2.07986165
457201.361,4399693.073,14.53945639,2.045471594
457201.826,4399692.915,14.60962867,2.011246745
457202.29,4399692.754,14.67829974,1.977182041
457202.753,4399692.592,14.74549601,1.943272596
457203.216,4399692.427,14.81124278,1.909513698
457203.677,4399692.259,14.87556433,1.875900795
457204.138,4399692.09,14.93848396,1.842429488
457204.598,4399691.918,15.00002404,1.809095522
457205.057,4399691.744,15.06020603,1.775894781
457205.516,4399691.567,15.11905055,1.742823277
457205.973,4399691.389,15.17657743,1.709877149
457206.429,4399691.208,15.2328057,1.677052649
457206.885,4399691.024,15.28775367,1.644346145
457207.34,4399690.839,15.34143894,1.611754107
457207.793,4399690.651,15.39387845,1.579273108
457208.246,4399690.461,15.44508847,1.546899817
457208.698,4399690.268,15.49508467,1.514630994
457209.149,4399690.074,15.54388212,1.482463487
457209.599,4399689.877,15.59149534,1.450394223
457210.048,4399689.677,15.63793826,1.418420213
457210.495,4399689.476,15.68322434,1.38653854
457210.942,4399689.272,15.72736649,1.354746359
457211.388,4399689.067,15.77037716,1.323040895
457211.833,4399688.859,15.81226833,1.291419437
457212.277,4399688.648,15.85305152,1.259879337
457212.719,4399688.436,15.89273781,1.228418004
457213.161,4399688.221,15.93133788,1.197032908
457213.602,4399688.004,15.968862,1.165721568
457214.041,4399687.785,16.00532003,1.134481559
457214.479,4399687.563,16.04072146,1.103310503
457214.917,4399687.34,16.07507543,1.072206069
457215.353,4399687.114,16.10839069,1.041165971
457215.788,4399686.886,16.14067568,1.010187967
457216.222,4399686.656,16.17193849,0.979269853
457216.654,4399686.424,16.20218687,0.948409467
457217.086,4399686.19,16.23142829,0.917604682
457217.516,4399685.953,16.25966988,0.886853408
457217.945,4399685.714,16.28691848,0.856153586
457218.373,4399685.474,16.31318066,0.825503191
457218.8,4399685.231,16.33846267,0.794900229
457219.226,4399684.985,16.36277051,0.764342734
457219.65,4399684.738,16.38610991,0.733828767
457220.073,4399684.489,16.40848632,0.703356415
457220.495,4399684.237,16.42990494,0.672923792
457220.915,4399683.984,16.45037072,0.642529033
457221.335,4399683.728,16.46988837,0.612170297
457221.753,4399683.47,16.48846234,0.581845762
457222.169,4399683.211,16.50609686,0.551553628
457222.585,4399682.949,16.52279591,0.521292112
457222.999,4399682.685,16.53856325,0.491059448
457223.411,4399682.419,16.55340241,0.460853888
457223.823,4399682.15,16.56731672,0.4306737
457224.233,4399681.88,16.58030925,0.400517162
457224.642,4399681.608,16.5923829,0.370382571
457225.049,4399681.334,16.60354032,0.340268231
457225.455,4399681.057,16.61378397,0.31017246
457225.859,4399680.779,16.6231161,0.280093587
457226.263,4399680.499,16.63153875,0.250029947
457226.664,4399680.216,16.63905376,0.219979887
457227.065,4399679.932,16.64566277,0.189941759
457227.464,4399679.646,16.65136721,0.159913922
457227.861,4399679.357,16.65616832,0.129894741
457228.257,4399679.067,16.66006714,0.099882587
457228.652,4399678.774,16.66306452,0.069875831
457229.045,4399678.48,16.66516111,0.03987285
457229.437,4399678.184,16.66635736,0.010310304
457229.827,4399677.886,16.66666667,0
457230.215,4399677.586,16.66666667,0
457230.603,4399677.283,16.66666667,0
457230.988,4399676.979,16.66666667,0
457231.372,4399676.673,16.66666667,0
457231.755,4399676.366,16.66666667,0
457232.136,4399676.056,16.66666667,0
457232.515,4399675.744,16.66666667,0
457232.893,4399675.431,16.66666667,0
457233.27,4399675.115,16.66666667,0
457233.644,4399674.798,16.66666667,0
457234.018,4399674.478,16.66666667,0
457234.389,4399674.157,16.66666667,0
457234.759,4399673.834,16.66666667,0
457235.127,4399673.51,16.66666667,0
457235.494,4399673.183,16.66666667,0
457235.859,4399672.855,16.66666667,0
457236.223,4399672.524,16.66666667,0
457236.584,4399672.192,16.66666667,0
457236.944,4399671.858,16.66666667,0
457237.303,4399671.523,16.66666667,0
457237.66,4399671.185,16.66666667,0
457238.015,4399670.846,16.66666667,0
457238.368,4399670.505,16.66666667,0
457238.72,4399670.162,16.66666667,0
457239.07,4399669.818,16.66666667,0
457239.418,4399669.471,16.66666667,0
457239.764,4399669.123,16.66666667,0
457240.109,4399668.774,16.66666667,0
457240.452,4399668.422,16.66666667,0
457240.793,4399668.069,16.66666667,0
457241.133,4399667.714,16.66666667,0
457241.47,4399667.358,16.66666667,0
457241.806,4399666.999,16.66666667,0
457242.14,4399666.639,16.66666667,0
457242.472,4399666.278,16.66666667,0
457242.803,4399665.914,16.66666667,0
457243.131,4399665.55,16.66666667,-0.010310304
457243.458,4399665.183,16.66635736,-0.03987285
457243.783,4399664.815,16.66516111,-0.069875831
457244.106,4399664.445,16.66306452,-0.099882587
457244.428,4399664.074,16.66006714,-0.129894741
457244.747,4399663.701,16.65616832,-0.159913922
457245.065,4399663.326,16.65136721,-0.189941759
457245.38,4399662.95,16.64566277,-0.219979887
457245.694,4399662.572,16.63905376,-0.250029947
457246.006,4399662.193,16.63153875,-0.280093587
457246.316,4399661.812,16.6231161,-0.31017246
457246.624,4399661.429,16.61378397,-0.340268231
457246.93,4399661.045,16.60354032,-0.370382571
457247.234,4399660.66,16.5923829,-0.400517162
457247.537,4399660.273,16.58030925,-0.4306737
457247.837,4399659.885,16.56731672,-0.460853888
457248.135,4399659.495,16.55340241,-0.491059448
457248.432,4399659.103,16.53856325,-0.521292112
457248.726,4399658.71,16.52279591,-0.551553628
457249.019,4399658.316,16.50609686,-0.581845762
457249.309,4399657.92,16.48846234,-0.612170297
457249.598,4399657.522,16.46988837,-0.642529033
457249.884,4399657.124,16.45037072,-0.672923792
457250.169,4399656.723,16.42990494,-0.703356415
457250.452,4399656.322,16.40848632,-0.733828767
457250.732,4399655.919,16.38610991,-0.764342734
457251.011,4399655.514,16.36277051,-0.794900229
457251.287,4399655.108,16.33846267,-0.825503191
457251.562,4399654.701,16.31318066,-0.856153586
457251.834,4399654.293,16.28691848,-0.886853408
457252.105,4399653.883,16.25966988,-0.917604682
457252.373,4399653.471,16.23142829,-0.948409467
457252.639,4399653.059,16.20218687,-0.979269853
457252.903,4399652.645,16.17193849,-1.010187967
457253.166,4399652.23,16.14067568,-1.041165971
457253.426,4399651.813,16.10839069,-1.072206069
457253.684,4399651.395,16.07507543,-1.103310503
457253.939,4399650.976,16.04072146,-1.134481559
457254.193,4399650.556,16.00532003,-1.165721568
457254.445,4399650.134,15.968862,-1.197032908
457254.695,4399649.711,15.93133788,-1.228418004
457254.942,4399649.287,15.89273781,-1.259879337
457255.187,4399648.862,15.85305152,-1.291419437
457255.43,4399648.435,15.81226833,-1.323040895
457255.672,4399648.007,15.77037716,-1.354746359
457255.91,4399647.578,15.72736649,-1.38653854
457256.147,4399647.148,15.68322434,-1.418420213
457256.382,4399646.716,15.63793826,-1.450394223
457256.614,4399646.284,15.59149534,-1.482463487
457256.845,4399645.85,15.54388212,-1.514630994
457257.073,4399645.415,15.49508467,-1.546899817
457257.299,4399644.979,15.44508847,-1.579273108
457257.522,4399644.542,15.39387845,-1.611754107
457257.744,4399644.104,15.34143894,-1.644346145
457257.963,4399643.664,15.28775367,-1.677052649
457258.18,4399643.224,15.2328057,-1.709877149
457258.395,4399642.783,15.17657743,-1.742823277
457258.608,4399642.34,15.11905055,-1.775894781
457258.819,4399641.896,15.06020603,-1.809095522
457259.027,4399641.452,15.00002404,-1.842429488
457259.233,4399641.006,14.93848396,-1.875900795
457259.437,4399640.559,14.87556433,-1.909513698
457259.639,4399640.111,14.81124278,-1.943272596
457259.838,4399639.663,14.74549601,-1.977182041
457260.035,4399639.213,14.67829974,-2.011246745
457260.23,4399638.762,14.60962867,-2.045471594
457260.423,4399638.31,14.53945639,-2.07986165
457260.613,4399637.858,14.46775534,-2.114422171
457260.801,4399637.404,14.39449677,-2.149158613
457260.987,4399636.949,14.31965061,-2.184076649
457261.17,4399636.494,14.24318548,-2.219182178
457261.352,4399636.038,14.16506854,-2.254481344
457261.531,4399635.58,14.08526542,-2.289980544
457261.707,4399635.122,14.00374017,-2.325686451
457261.882,4399634.663,13.92045509,-2.361606029
457262.054,4399634.203,13.8353707,-2.397746551
457262.224,4399633.742,13.74844554,-2.434115625
457262.391,4399633.281,13.65963612,-2.47072121
457262.556,4399632.818,13.56889672,-2.507571647
457262.719,4399632.355,13.47617927,-2.54467568
457262.88,4399631.891,13.38143317,-2.582042493
457263.038,4399631.426,13.28460515,-2.619681735
457263.194,4399630.96,13.185639,-2.657603559
457263.347,4399630.494,13.08447541,-2.695818663
457263.499,4399630.027,12.98105171,-2.734338327
457263.648,4399629.559,12.87530161,-2.773174467
457263.794,4399629.09,12.76715491,-2.812339681
457263.938,4399628.621,12.65653717,-2.851847314
457264.08,4399628.15,12.54336939,-2.891711514
457264.22,4399627.68,12.42756754,-2.93194731
457264.357,4399627.208,12.30904221,-2.971620728
457264.492,4399626.736,12.18773682,-2.959910961
457264.624,4399626.263,12.06569448,-2.91847003
457264.754,4399625.789,11.9441399,-2.876607362
457264.882,4399625.315,11.82310598,-2.834316151
457265.007,4399624.84,11.70262716,-2.791589559
457265.13,4399624.365,11.58273958,-2.748420736
457265.251,4399623.889,11.46348106,-2.704802827
457265.369,4399623.412,11.34489124,-2.66072899
457265.485,4399622.935,11.22701161,-2.616192413
457265.598,4399622.457,11.1098856,-2.571186332
457265.709,4399621.979,10.99355866,-2.525704053
457265.818,4399621.5,10.87807831,-2.47973897
457265.924,4399621.021,10.76349423,-2.433284595
457266.028,4399620.541,10.64985831,-2.386334584
457266.129,4399620.06,10.53722476,-2.338882764
457266.228,4399619.579,10.42565013,-2.290923168
457266.325,4399619.098,10.31519339,-2.24245007
457266.419,4399618.616,10.205916,-2.193458021
457266.511,4399618.133,10.09788194,-2.14394189
457266.6,4399617.65,9.991157774,-2.093896912
457266.687,4399617.167,9.885812678,-2.04331873
457266.772,4399616.683,9.781918463,-1.992203447
457266.854,4399616.199,9.679549593,-1.94054768
457266.934,4399615.715,9.578783187,-1.888348617
457267.011,4399615.23,9.479699007,-1.835604076
457267.086,4399614.744,9.382379421,-1.782312566
457267.158,4399614.259,9.286909356,-1.728473354
457267.228,4399613.773,9.193376223,-1.674086533
457267.296,4399613.286,9.101869823,-1.619153088
457267.361,4399612.8,9.012482221,-1.563674972
457267.424,4399612.312,8.925307594,-1.507655175
457267.484,4399611.825,8.840442051,-1.451097795
457267.542,4399611.337,8.757983415,-1.394008114
457267.597,4399610.85,8.678030972,-1.336392663
457267.65,4399610.361,8.600685188,-1.278259298
457267.7,4399609.873,8.526047384,-1.219617255
457267.749,4399609.384,8.454219373,-1.160477218
457267.794,4399608.895,8.385303065,-1.100851367
457267.837,4399608.406,8.319400024,-1.04075343
457267.878,4399607.917,8.256611002,-0.980198716
457267.916,4399607.427,8.19703543,-0.919204145
457267.952,4399606.937,8.140770882,-0.857788263
457267.985,4399606.447,8.087912515,-0.795971247
457268.016,4399605.957,8.038552479,-0.733774893
457268.045,4399605.467,7.992779328,-0.671222589
457268.071,4399604.977,7.950677404,-0.608339274
457268.094,4399604.486,7.912326239,-0.545151377
457268.116,4399603.995,7.87779995,-0.481686745
457268.134,4399603.505,7.847166664,-0.417974548
457268.15,4399603.014,7.820487964,-0.354045169
457268.164,4399602.523,7.79781837,-0.289930079
457268.175,4399602.032,7.779204874,-0.225661699
457268.184,4399601.541,7.76468652,-0.161273246
457268.191,4399601.05,7.754294056,-0.096798568
457268.195,4399600.559,7.748049652,-0.032271968
457268.196,4399600.068,7.745966692,0
457268.196,4399599.569,7.745966692,0
457268.196,4399599.069,7.745966692,0
457268.196,4399598.569,7.745966692,0
457268.196,4399598.069,7.745966692,0
457268.196,4399597.569,7.745966692,0
457268.196,4399597.069,7.745966692,0
457268.196,4399596.569,7.745966692,0
457268.196,4399596.069,7.745966692,0
457268.196,4399595.569,7.745966692,0
457268.196,4399595.069,7.745966692,0
457268.196,4399594.569,7.745966692,0
457268.196,4399594.069,7.745966692,0
457268.196,4399593.569,7.745966692,0
457268.196,4399593.069,7.745966692,0
457268.196,4399592.569,7.745966692,0
457268.196,4399592.069,7.745966692,0
457268.196,4399591.569,7.745966692,0
457268.196,4399591.069,7.745966692,0
457268.196,4399590.569,7.745966692,0
457268.196,4399590.069,7.745966692,0
457268.196,4399589.569,7.745966692,0
457268.196,4399589.069,7.745966692,0
457268.196,4399588.569,7.745966692,0
457268.196,4399588.069,7.745966692,0
457268.196,4399587.569,7.745966692,-0.003842661
457268.196,4399587.069,7.745718649,-0.054554801
457268.196,4399586.569,7.742196396,-0.119141775
457268.196,4399586.069,7.734498601,-0.183793081
457268.196,4399585.569,7.722608615,-0.248544008
457268.196,4399585.069,7.706500574,-0.313430389
457268.196,4399584.569,7.68613915,-0.378488805
457268.196,4399584.069,7.661479209,-0.443756803
457268.196,4399583.569,7.632465364,-0.509273124
457268.196,4399583.069,7.599031414,-0.575077959
457268.196,4399582.569,7.561099654,-0.641213218
457268.196,4399582.069,7.518580047,-0.707722843
457268.196,4399581.569,7.471369224,-0.774653144
457268.196,4399581.069,7.4193493,-0.79838267
457268.196,4399580.569,7.365346461,-0.733114888
457268.196,4399580.069,7.315406685,-0.664771804
457268.196,4399579.569,7.26982582,-0.596000599
457268.196,4399579.069,7.228715948,-0.526838652
457268.196,4399578.569,7.192180916,-0.457325707
457268.196,4399578.069,7.160315274,-0.387503711
457268.196,4399577.569,7.133203278,-0.317416599
457268.196,4399577.069,7.11091795,-0.24711006
457268.196,4399576.569,7.093520259,-0.176631265
457268.196,4399576.069,7.081058399,-0.106028566
457268.196,4399575.569,7.073567223,-0.035351174
457268.196,4399575.069,7.071067812,0
457268.196,4399574.569,7.071067812,0
457268.196,4399574.069,7.071067812,0
457268.196,4399573.569,7.071067812,0
457268.196,4399573.069,7.071067812,0
457268.196,4399572.569,7.071067812,0
457268.196,4399572.069,7.071067812,0
457268.196,4399571.569,7.071067812,0
457268.196,4399571.069,7.071067812,0
457268.196,4399570.569,7.071067812,0
457268.196,4399570.069,7.071067812,0
457268.188,4399569.649,7.071067812,0
457268.159,4399569.24,7.071067812,0
457268.11,4399568.832,7.071067812,0
457268.04,4399568.427,7.071067812,0
457267.951,4399568.027,7.071067812,0
457267.841,4399567.631,7.071067812,0
457267.712,4399567.241,7.071067812,0
457267.563,4399566.858,7.071067812,0
457267.396,4399566.483,7.071067812,0
457267.21,4399566.117,7.071067812,0
457267.006,4399565.761,7.071067812,0
457266.784,4399565.415,7.071067812,0
457266.545,4399565.081,7.071067812,0
457266.29,4399564.759,7.071067812,0
457266.019,4399564.45,7.071067812,0
457265.733,4399564.156,7.071067812,0
457265.433,4399563.876,7.071067812,0
457265.119,4399563.611,7.071067812,0
457264.792,4399563.362,7.071067812,0
457264.453,4399563.13,7.071067812,0
457264.103,4399562.916,7.071067812,0
457263.743,4399562.719,7.071067812,0
457263.373,4399562.54,7.071067812,0
457262.995,4399562.38,7.071067812,0
457262.609,4399562.239,7.071067812,0
457262.217,4399562.118,7.071067812,0
457261.819,4399562.016,7.071067812,0
457261.416,4399561.934,7.071067812,0
457261.01,4399561.873,7.071067812,0
457260.602,4399561.832,7.071067812,0
457260.192,4399561.812,7.071067812,0
457259.736,4399561.809,7.071067812,0
457259.236,4399561.809,7.071067812,0
457258.736,4399561.809,7.071067812,0
457258.236,4399561.809,7.071067812,0
457257.736,4399561.809,7.071067812,0
457257.236,4399561.809,7.071067812,0
457256.736,4399561.809,7.071067812,0
457256.236,4399561.809,7.071067812,0
457255.736,4399561.809,7.071067812,0
457255.236,4399561.809,7.071067812,0
457254.736,4399561.809,7.071067812,0
457254.236,4399561.809,7.071067812,0
457253.736,4399561.809,7.071067812,0
457253.236,4399561.809,7.071067812,0
457252.736,4399561.809,7.071067812,0
457252.236,4399561.809,7.071067812,0
457251.736,4399561.809,7.071067812,0
457251.236,4399561.809,7.071067812,0
457250.736,4399561.809,7.071067812,0
457250.236,4399561.809,7.071067812,0
457249.736,4399561.809,7.071067812,0
457249.236,4399561.809,7.071067812,0
457248.736,4399561.809,7.071067812,0
457248.236,4399561.809,7.071067812,0
457247.736,4399561.809,7.071067812,0
457247.236,4399561.809,7.071067812,0
457246.736,4399561.809,7.071067812,0
457246.236,4399561.809,7.071067812,0
457245.736,4399561.809,7.071067812,0
457245.236,4399561.809,7.071067812,0
457244.736,4399561.809,7.071067812,0
457244.236,4399561.809,7.071067812,0
457243.736,4399561.809,7.071067812,0
457243.236,4399561.809,7.071067812,0
457242.736,4399561.809,7.071067812,0
457242.236,4399561.809,7.071067812,0
457241.736,4399561.809,7.071067812,0
457241.236,4399561.809,7.071067812,-0.030866622
457240.736,4399561.809,7.068885002,-0.101454969
457240.236,4399561.809,7.061705615,-0.17226784
457239.736,4399561.809,7.049498463,-0.243203465
457239.236,4399561.809,7.032228638,-0.314313485
457238.736,4399561.809,7.009846293,-0.385650809
457238.236,4399561.809,6.982285994,-0.457270033
457237.736,4399561.809,6.949465868,-0.529227883
457237.236,4399561.809,6.9112865,-0.601583717
457236.736,4399561.809,6.867629554,-0.674400077
457236.236,4399561.809,6.818356066,-0.747743326
457235.736,4399561.809,6.763304359,-0.82168437
457235.236,4399561.809,6.702287487,-0.896299508
457234.736,4399561.809,6.635090128,-0.971671434
457234.236,4399561.809,6.561464777,-1.047890422
457233.736,4399561.809,6.481127086,-1.125055772
457233.236,4399561.809,6.393750102,-1.203277551
457232.736,4399561.809,6.298957125,-1.282678765
457232.236,4399561.809,6.196312747,-1.363398055
457231.736,4399561.809,6.085311514,-1.445593123
457231.236,4399561.809,5.965363421,-1.529445122
457230.736,4399561.809,5.83577507,-1.615164403
457230.236,4399561.809,5.695724867,-1.702998132
457229.736,4399561.809,5.544229743,-1.793240629
457229.236,4399561.809,5.380099625,-1.886247704
457228.736,4399561.809,5.201873649,-1.982457067
457228.236,4399561.809,5.0077283,-2.082418323
457227.736,4399561.809,4.795340719,-2.110249673
457227.236,4399561.809,4.569974702,-2.003264303
457226.736,4399561.809,4.345219552,-1.888100797
457226.236,4399561.809,4.12217338,-1.766702124
457225.736,4399561.809,3.901927827,-1.638449674
457225.236,4399561.809,3.685914447,-1.5026842
457224.736,4399561.809,3.476003226,-1.35873134
457224.236,4399561.809,3.274619026,-1.205950131
457223.736,4399561.809,3.084865741,-1.04381579
457223.236,4399561.809,2.910630815,-0.872047924
457222.736,4399561.809,2.75661443,-0.690787358
457222.236,4399561.809,2.628192539,-0.500801728
457221.736,4399561.809,2.531004595,-0.30365984
457221.236,4399561.809,2.470206107,-0.101775154
457220.736,4399561.809,2.449489743,0
457220.236,4399561.809,2.449489743,0
457219.736,4399561.809,2.449489743,0
457219.236,4399561.809,2.449489743,0
457218.736,4399561.809,2.449489743,0
457218.236,4399561.809,2.449489743,0
457217.736,4399561.809,2.449489743,0
457217.236,4399561.809,2.449489743,0
457216.736,4399561.809,2.449489743,0
457216.236,4399561.809,2.449489743,0
457215.736,4399561.809,2.449489743,0
457215.236,4399561.809,2.449489743,0
457214.736,4399561.809,2.449489743,0
457214.236,4399561.809,2.449489743,0
457213.736,4399561.809,2.449489743,0
457213.236,4399561.809,2.449489743,0
457212.736,4399561.809,2.449489743,0
457212.236,4399561.809,2.449489743,0
457211.736,4399561.809,2.449489743,0
457211.236,4399561.809,2.449489743,0
457210.736,4399561.809,2.449489743,0
457210.236,4399561.809,2.449489743,0
457209.781,4399561.812,2.449489743,0
457209.371,4399561.832,2.449489743,0
457208.962,4399561.873,2.449489743,0
457208.556,4399561.934,2.449489743,0
457208.154,4399562.016,2.449489743,0
457207.756,4399562.118,2.449489743,0
457207.363,4399562.239,2.449489743,0
457206.978,4399562.38,2.449489743,0
457206.599,4399562.54,2.449489743,0
457206.23,4399562.719,2.449489743,0
457205.869,4399562.916,2.449489743,0
457205.519,4399563.13,2.449489743,0
457205.18,4399563.362,2.449489743,0
457204.854,4399563.611,2.449489743,0
457204.54,4399563.876,2.449489743,0
457204.239,4399564.156,2.449489743,0
457203.953,4399564.45,2.449489743,0
457203.682,4399564.759,2.449489743,0
457203.427,4399565.081,2.449489743,0
457203.189,4399565.415,2.449489743,0
457202.967,4399565.761,2.449489743,0
457202.763,4399566.117,2.449489743,0
457202.577,4399566.483,2.449489743,0
457202.409,4399566.858,2.449489743,0
457202.261,4399567.241,2.449489743,0
457202.131,4399567.631,2.449489743,0
457202.022,4399568.027,2.449489743,0
457201.932,4399568.427,2.449489743,0
457201.863,4399568.832,2.449489743,0
457201.813,4399569.24,2.449489743,0
457201.785,4399569.649,2.449489743,0
457201.776,4399570.069,2.449489743,0
457201.776,4399570.569,2.449489743,0
457201.776,4399571.069,2.449489743,0
457201.776,4399571.569,2.449489743,0
457201.776,4399572.069,2.449489743,0
457201.776,4399572.569,2.449489743,0
457201.776,4399573.069,2.449489743,0
457201.776,4399573.569,2.449489743,0
457201.776,4399574.069,2.449489743,0
457201.776,4399574.569,2.449489743,0
457201.776,4399575.069,2.449489743,0
457201.776,4399575.569,2.449489743,0.101775154
457201.776,4399576.069,2.470206107,0.30365984
457201.776,4399576.569,2.531004595,0.500801728
457201.776,4399577.069,2.628192539,0.681400172
457201.776,4399577.569,2.754875303,0.611268922
457201.776,4399578.069,2.863570157,0.436259808
457201.776,4399578.569,2.938694027,0.265799868
457201.776,4399579.069,2.983539791,0.09794068
457201.776,4399579.569,2.999895721,0.000625671
457201.776,4399580.069,3,0
457201.776,4399580.569,3,0
457201.776,4399581.069,3,0
457201.776,4399581.569,3,0
457201.776,4399582.069,3,0
457201.776,4399582.569,3,0
457201.776,4399583.069,3,0
457201.776,4399583.569,3,0
457201.776,4399584.069,3,0
457201.776,4399584.569,3,0
457201.776,4399585.069,3,0
457201.776,4399585.569,3,0
457201.776,4399586.069,3,0
457201.776,4399586.569,3,0
457201.776,4399587.069,3,0
457201.776,4399587.569,3,0
457201.776,4399588.069,3,0
457201.776,4399588.569,3,0
457201.776,4399589.069,3,0
457201.776,4399589.569,3,0
457201.776,4399590.069,3,0
457201.776,4399590.569,3,0
457201.776,4399591.069,3,0
457201.776,4399591.569,3,0
457201.776,4399592.069,3,0
457201.776,4399592.569,3,0
457201.776,4399593.069,3,0
457201.776,4399593.569,3,0
457201.776,4399594.069,3,0
457201.776,4399594.569,3,0
457201.776,4399595.069,3,0
457201.776,4399595.569,3,0
457201.776,4399596.069,3,0
457201.776,4399596.569,3,0
457201.776,4399597.069,3,0
457201.776,4399597.569,3,0
457201.776,4399598.069,3,0
457201.776,4399598.569,3,0
457201.776,4399599.069,3,0
457201.776,4399599.569,3,0
457201.776,4399600.075,3,0
457201.765,4399600.634,3,0
457201.735,4399601.193,3,0
457201.687,4399601.75,3,0
457201.62,4399602.306,3,0
457201.534,4399602.859,3,0
457201.43,4399603.408,3,0
457201.308,4399603.954,3,0
457201.168,4399604.496,3,0
457201.01,4399605.033,3,0
457200.834,4399605.564,3,0
457200.64,4399606.089,3,0
457200.429,4399606.607,3,0
457200.201,4399607.118,3,0
457199.956,4399607.621,3,0
457199.694,4399608.115,3,0
457199.416,4399608.601,3,0
457199.122,4399609.077,3,0
457198.812,4399609.542,3,0
457198.487,4399609.998,3,0
457198.147,4399610.442,3,0
457197.792,4399610.875,3,0
457197.423,4399611.295,3,0
457197.041,4399611.703,3,0
457196.644,4399612.098,3,0
457196.235,4399612.48,3,0
457195.814,4399612.848,3,0
457195.38,4399613.201,3,0
457194.935,4399613.54,3,0
457194.479,4399613.864,3,0
457194.012,4399614.172,3,0
457193.535,4399614.465,3,0
457193.049,4399614.742,3,0
457192.553,4399615.002,3,0
457192.05,4399615.246,3,0
457191.538,4399615.473,3,0
457191.02,4399615.682,3,0
457190.494,4399615.874,3,0
457189.962,4399616.049,3,0
457189.425,4399616.205,3,0
457188.883,4399616.344,3,0
457188.337,4399616.465,3,0
457187.787,4399616.567,3,0
457187.234,4399616.651,3,0
457186.678,4399616.716,3,0
457186.121,4399616.763,3,0
457185.562,4399616.791,3,0
457185.002,4399616.801,3,0
457184.443,4399616.792,3,0
457183.884,4399616.764,3,0
457183.327,4399616.718,3,0
457182.771,4399616.653,3,0
457182.218,4399616.57,3,0
457181.668,4399616.468,3,0
457181.121,4399616.348,3,0
457180.579,4399616.21,3,0
457180.042,4399616.054,3,0
457179.51,4399615.88,3,0
457178.984,4399615.688,3,0
457178.465,4399615.479,3,0
457177.954,4399615.253,3,0
457177.45,4399615.01,3,0
457176.954,4399614.75,3,0
457176.468,4399614.474,3,0
457175.991,4399614.181,3,0
457175.524,4399613.873,3,0
457175.067,4399613.55,3,0
457174.621,4399613.212,3,0
457174.187,4399612.859,3,0
457173.765,4399612.491,3,0
457173.356,4399612.11,3,0
457172.959,4399611.715,3,0
457172.576,4399611.308,3,0
457172.207,4399610.887,3,0
457171.852,4399610.455,3,0
457171.511,4399610.011,3,0
457171.185,4399609.556,3,0
457170.875,4399609.091,3,0
457170.581,4399608.615,3,0
457170.302,4399608.13,3,0
457170.04,4399607.636,3,0
457169.794,4399607.133,3,0
457169.566,4399606.622,3,0
457169.354,4399606.104,3,0
457169.16,4399605.58,3,0
457168.983,4399605.049,3,0
457168.825,4399604.512,3,0
457168.684,4399603.971,3,0
457168.561,4399603.425,3,0
457168.457,4399602.875,3,0
457168.371,4399602.322,3,0
457168.303,4399601.767,3,0
457168.254,4399601.21,3,0
457168.224,4399600.651,3,0
457168.212,4399600.092,3,0
457168.212,4399599.584,3,0
457168.212,4399599.084,3,0
457168.212,4399598.584,3,0
457168.212,4399598.084,3,0
457168.212,4399597.584,3,0
457168.212,4399597.084,3,0
457168.212,4399596.584,3,0
457168.212,4399596.084,3,0
457168.212,4399595.584,3,0
457168.212,4399595.084,3,0
457168.212,4399594.584,3,0
457168.212,4399594.084,3,0
457168.212,4399593.584,3,0
457168.212,4399593.084,3,0
457168.212,4399592.584,3,0
457168.212,4399592.084,3,0
457168.212,4399591.584,3,0
457168.212,4399591.084,3,0
457168.212,4399590.584,3,0
457168.212,4399590.084,3,0
457168.212,4399589.584,3,0
457168.212,4399589.084,3,0
457168.212,4399588.584,3,0
457168.212,4399588.084,3,0
457168.212,4399587.584,3,0
457168.212,4399587.084,3,0
457168.212,4399586.584,3,0
457168.212,4399586.084,3,0
457168.212,4399585.584,3,0
457168.212,4399585.084,3,0
457168.212,4399584.584,3,0
457168.212,4399584.084,3,0
457168.212,4399583.584,3,0
457168.212,4399583.084,3,0
457168.212,4399582.584,3,0
457168.212,4399582.084,3,0
457168.212,4399581.584,3,0
457168.212,4399581.084,3,0
457168.212,4399580.584,3,0
457168.212,4399580.084,3,0
457168.212,4399579.584,3,0
457168.212,4399579.084,3,0
457168.212,4399578.584,3,0
457168.212,4399578.084,3,0
457168.212,4399577.584,3,0
457168.212,4399577.084,3,0
457168.212,4399576.584,3,0
457168.212,4399576.084,3,0
457168.212,4399575.584,3,0
457168.212,4399575.084,3,0
457168.206,4399574.636,3,0
457168.186,4399574.196,3,0
457168.151,4399573.757,3,0
457168.102,4399573.319,3,0
457168.038,4399572.883,3,0
457167.96,4399572.45,3,0
457167.867,4399572.019,3,0
457167.76,4399571.592,3,0
457167.638,4399571.168,3,0
457167.503,4399570.749,3,0
457167.354,4399570.335,3,0
457167.191,4399569.926,3,0
457167.014,4399569.522,3,0
457166.824,4399569.125,3,0
457166.621,4399568.734,3,0
457166.405,4399568.35,3,0
457166.177,4399567.973,3,0
457165.936,4399567.605,3,0
457165.683,4399567.244,3,0
457165.418,4399566.892,3,0
457165.141,4399566.55,3,0
457164.853,4399566.216,3,0
457164.554,4399565.893,3,0
457164.245,4399565.579,3,0
457163.925,4399565.276,3,0
457163.595,4399564.984,3,0
457163.256,4399564.703,3,0
457162.908,4399564.434,3,0
457162.55,4399564.176,3,0
457162.185,4399563.93,3,0
457161.811,4399563.697,3,0
457161.43,4399563.476,3,0
457161.042,4399563.268,3,0
457160.647,4399563.073,3,0
457160.245,4399562.892,3,0
457159.838,4399562.724,3,0
457159.426,4399562.569,3,0
457159.008,4399562.428,3,0
457158.587,4399562.302,3,0
457158.161,4399562.189,3,0
457157.731,4399562.091,3,0
457157.299,4399562.007,3,0
457156.864,4399561.937,3,0
457156.427,4399561.883,3,0
457155.988,4399561.842,3,0
457155.549,4399561.817,3,0
457155.108,4399561.806,3,0
457154.623,4399561.805,3,0
457154.123,4399561.805,3,0
457153.623,4399561.805,3,0
457153.123,4399561.805,3,0
457152.623,4399561.805,3,0
457152.123,4399561.805,3,0
457151.623,4399561.805,3,0.083205324
457151.123,4399561.805,3.013846252,0.248861779
457150.623,4399561.805,3.054884122,0.412321349
457150.123,4399561.805,3.121687141,0.572323299
457149.623,4399561.805,3.212106793,0.727866063
457149.123,4399561.805,3.323542002,0.878236584
457148.623,4399561.805,3.453207075,1.022997925
457148.123,4399561.805,3.598350175,1.161949767
457147.623,4399561.805,3.756402686,1.295077244
457147.123,4399561.805,3.925062437,1.422499805
457146.623,4399561.805,4.102325403,1.544426718
457146.123,4399561.805,4.286483037,1.661121727
457145.623,4399561.805,4.476099904,1.772876807
457145.123,4399561.805,4.669982186,1.879993715
457144.623,4399561.805,4.867143797,1.98277166
457144.123,4399561.805,5.066773892,2.081499519
457143.623,4399561.805,5.268207627,2.176451274
457143.123,4399561.805,5.470900829,2.267883667
457142.623,4399561.805,5.674408574,2.356035312
457142.123,4399561.805,5.878367352,2.441126763
457141.623,4399561.805,6.082480359,2.523361141
457141.123,4399561.805,6.286505449,2.602925096
457140.623,4399561.805,6.490245288,2.67998994
457140.123,4399561.805,6.693539333,2.754712829
457139.623,4399561.805,6.89625729,2.827237946
457139.123,4399561.805,7.098293774,2.897697639
457138.623,4399561.805,7.299563958,2.966213483
457138.123,4399561.805,7.5,3.032897276
457137.623,4399561.805,7.69954812,3.09785194
457137.123,4399561.805,7.898166196,3.161172347
457136.623,4399561.805,8.095821787,3.222946071
457136.123,4399561.805,8.29249049,3.283254057
457135.623,4399561.805,8.488154593,3.342171236
457135.123,4399561.805,8.682801948,3.399767066
457134.623,4399561.805,8.876425035,3.456106027
457134.123,4399561.805,9.069020185,3.511248064
457133.623,4399561.805,9.260586926,3.565248982
457133.123,4399561.805,9.451127441,3.618160809
457132.623,4399561.805,9.640646108,3.67003211
457132.123,4399561.805,9.829149117,3.672755298
457131.623,4399561.805,10.01423235,3.622841451
457131.123,4399561.805,10.19350861,3.573781338
457130.623,4399561.805,10.36732032,3.525544484
457130.123,4399561.805,10.53597697,3.478080442
457129.623,4399561.805,10.69975844,3.431343502
457129.123,4399561.805,10.85891878,3.385292092
457128.623,4399561.805,11.01368945,3.339888265
457128.123,4399561.805,11.164282,3.295097273
457127.623,4399561.805,11.31089039,3.250887197
457127.123,4399561.805,11.45369297,3.207228636
457126.623,4399561.805,11.59285417,3.164094435
457126.123,4399561.805,11.72852593,3.121459448
457125.623,4399561.805,11.86084906,3.079300336
457125.123,4399561.805,11.98995425,3.037595391
457124.623,4399561.805,12.11596311,2.996324374
457124.123,4399561.805,12.23898901,2.955468381
457123.623,4399561.805,12.3591378,2.915009724
457123.123,4399561.805,12.47650854,2.874931817
457122.623,4399561.805,12.59119401,2.835219085
457122.123,4399561.805,12.70328133,2.795856877
457121.623,4399561.805,12.81285235,2.756831392
457121.123,4399561.805,12.91998413,2.718129605
457120.623,4399561.805,13.02474927,2.679739211
457120.123,4399561.805,13.1272163,2.641648568
457119.623,4399561.805,13.22744995,2.603846644
457119.123,4399561.805,13.32551146,2.566322977
457118.623,4399561.805,13.4214588,2.529067629
457118.123,4399561.805,13.51534692,2.49207115
457117.623,4399561.805,13.60722796,2.455324545
457117.123,4399561.805,13.69715142,2.418819243
457116.623,4399561.805,13.78516438,2.382547065
457116.123,4399561.805,13.87131159,2.346500204
457115.623,4399561.805,13.95563568,2.310671195
457115.123,4399561.805,14.03817727,2.275052896
457114.623,4399561.805,14.11897506,2.239638468
457114.123,4399561.805,14.19806603,2.204421357
457113.623,4399561.805,14.27548543,2.169395272
457113.123,4399561.805,14.35126699,2.134554176
457112.623,4399561.805,14.42544292,2.099892266
457112.123,4399561.805,14.49804405,2.06540396
457111.623,4399561.805,14.56909988,2.031083888
457111.123,4399561.805,14.63863865,1.996926876
457110.623,4399561.805,14.70668743,1.962927935
457110.123,4399561.805,14.77327216,1.929082256
457109.623,4399561.805,14.83841771,1.895385193
457109.123,4399561.805,14.90214795,1.861832261
457108.623,4399561.805,14.96448576,1.82841912
457108.123,4399561.805,15.02545313,1.795141577
457107.623,4399561.805,15.08507118,1.761995569
457107.123,4399561.805,15.14336018,1.728977163
457106.623,4399561.805,15.20033961,1.696082545
457106.123,4399561.805,15.25602821,1.663308017
457105.623,4399561.805,15.31044399,1.63064999
457105.123,4399561.805,15.36360425,1.598104979
457104.623,4399561.805,15.41552567,1.565669597
457104.123,4399561.805,15.46622424,1.533340553
457103.623,4399561.805,15.5157154,1.501114642
457103.123,4399561.805,15.56401396,1.468988747
457102.623,4399561.805,15.61113421,1.436959832
457102.123,4399561.805,15.65708987,1.405024936
457101.623,4399561.805,15.70189417,1.373181175
457101.123,4399561.805,15.74555983,1.341425733
457100.623,4399561.805,15.78809909,1.309755862
457100.123,4399561.805,15.82952374,1.278168878
457099.6232,4399561.805,15.86984512,1.246662157
457099.1232,4399561.805,15.90907413,1.215233134
457098.6232,4399561.805,15.94722128,1.1838793
457098.1232,4399561.805,15.98429667,1.152598198
457097.6232,4399561.805,16.02030999,1.121387423
457097.1232,4399561.805,16.0552706,1.090244617
457096.6232,4399561.805,16.08918746,1.059167468
457096.1232,4399561.805,16.1220692,1.028153708
457095.6232,4399561.805,16.1539241,0.997201112
457095.1232,4399561.805,16.18476012,0.966307494
457094.6232,4399561.805,16.21458488,0.935470707
457094.1232,4399561.805,16.24340571,0.904688639
457093.6232,4399561.805,16.27122962,0.873959213
457093.1232,4399561.805,16.29806333,0.843280386
457092.6232,4399561.805,16.32391328,0.812650146
457092.1232,4399561.805,16.34878561,0.782066509
457091.6232,4399561.805,16.37268621,0.751527521
457091.1232,4399561.805,16.39562069,0.721031256
457090.6232,4399561.805,16.41759439,0.690575811
457090.1232,4399561.805,16.43861241,0.66015931
457089.6232,4399561.805,16.4586796,0.629779897
457089.1232,4399561.805,16.47780056,0.599435739
457088.6232,4399561.805,16.49597964,0.569125025
457088.1232,4399561.805,16.51322096,0.53884596
457087.6232,4399561.805,16.52952843,0.50859677
457087.1232,4399561.805,16.5449057,0.478375697
457086.6232,4399561.805,16.55935621,0.448180999
457086.1232,4399561.805,16.57288318,0.418010948
457085.6232,4399561.805,16.58548962,0.38786383
457085.1232,4399561.805,16.59717832,0.357737946
457084.6232,4399561.805,16.60795184,0.327631606
457084.1232,4399561.805,16.61781257,0.297543132
457083.6232,4399561.805,16.62676265,0.267470856
457083.1232,4399561.805,16.63480405,0.237413118
457082.6232,4399561.805,16.64193853,0.207368268
457082.1232,4399561.805,16.64816763,0.177334659
457081.6232,4399561.805,16.6534927,0.147310655
457081.1232,4399561.805,16.65791491,0.117294622
457080.6232,4399561.805,16.66143521,0.087284932
457080.1232,4399561.805,16.66405436,0.057279959
457079.6232,4399561.805,16.66577293,0.02727808
457079.1232,4399561.805,16.6665913,0.002512368
457078.6232,4399561.805,16.66666667,0
457078.1232,4399561.805,16.66666667,0
457077.6232,4399561.805,16.66666667,0
457077.1232,4399561.805,16.66666667,0
457076.6232,4399561.805,16.66666667,0
457076.1232,4399561.805,16.66666667,0
457075.6232,4399561.805,16.66666667,0
457075.1232,4399561.805,16.66666667,0
457074.6232,4399561.805,16.66666667,0
457074.1232,4399561.805,16.66666667,0
457073.6232,4399561.805,16.66666667,0
457073.1232,4399561.805,16.66666667,0
457072.6232,4399561.805,16.66666667,0
457072.1232,4399561.805,16.66666667,0
457071.6232,4399561.805,16.66666667,0
457071.1232,4399561.805,16.66666667,0
457070.6232,4399561.805,16.66666667,0
457070.1232,4399561.805,16.66666667,0
457069.6232,4399561.805,16.66666667,0
457069.1232,4399561.805,16.66666667,0
457068.6232,4399561.805,16.66666667,0
457068.1232,4399561.805,16.66666667,0
457067.6232,4399561.805,16.66666667,0
457067.1232,4399561.805,16.66666667,0
457066.6232,4399561.805,16.66666667,0
457066.1232,4399561.805,16.66666667,0
457065.6232,4399561.805,16.66666667,0
457065.1232,4399561.805,16.66666667,0
457064.6232,4399561.805,16.66666667,0
457064.1232,4399561.805,16.66666667,0
457063.6232,4399561.805,16.66666667,0
457063.1232,4399561.805,16.66666667,0
457062.6232,4399561.805,16.66666667,0
457062.1232,4399561.805,16.66666667,0
457061.6232,4399561.805,16.66666667,0
457061.1232,4399561.805,16.66666667,0
457060.6232,4399561.805,16.66666667,0
457060.1232,4399561.805,16.66666667,0
457059.6232,4399561.805,16.66666667,0
457059.1232,4399561.805,16.66666667,0
457058.6232,4399561.805,16.66666667,0
457058.1232,4399561.805,16.66666667,0
457057.6232,4399561.805,16.66666667,0
457057.1232,4399561.805,16.66666667,0
457056.6232,4399561.805,16.66666667,0
457056.1232,4399561.805,16.66666667,0
457055.6232,4399561.805,16.66666667,0
457055.1232,4399561.805,16.66666667,0
457054.6232,4399561.805,16.66666667,0
457054.1232,4399561.805,16.66666667,0
457053.6232,4399561.805,16.66666667,0
457053.1232,4399561.805,16.66666667,0
457052.6232,4399561.805,16.66666667,0
457052.1232,4399561.805,16.66666667,0
457051.6232,4399561.805,16.66666667,0
457051.1232,4399561.805,16.66666667,0
457050.6232,4399561.805,16.66666667,0
457050.1232,4399561.805,16.66666667,0
457049.6232,4399561.805,16.66666667,0
457049.1232,4399561.805,16.66666667,0
457048.6232,4399561.805,16.66666667,0
457048.1232,4399561.805,16.66666667,0
457047.6232,4399561.805,16.66666667,0
457047.1232,4399561.805,16.66666667,0
457046.6232,4399561.805,16.66666667,0
457046.1232,4399561.805,16.66666667,0
457045.6232,4399561.805,16.66666667,0
457045.1232,4399561.805,16.66666667,0
457044.6232,4399561.805,16.66666667,0
457044.1232,4399561.805,16.66666667,0
457043.6232,4399561.805,16.66666667,0
457043.1232,4399561.805,16.66666667,0
457042.6232,4399561.805,16.66666667,0
457042.1232,4399561.805,16.66666667,0
457041.6232,4399561.805,16.66666667,0
457041.1232,4399561.805,16.66666667,0
457040.6232,4399561.805,16.66666667,0
457040.1232,4399561.805,16.66666667,0
457039.6232,4399561.805,16.66666667,0
457039.1232,4399561.805,16.66666667,0
457038.6232,4399561.805,16.66666667,0
457038.1232,4399561.805,16.66666667,0
457037.6232,4399561.805,16.66666667,0
457037.1232,4399561.805,16.66666667,0
457036.6232,4399561.805,16.66666667,0
457036.1232,4399561.805,16.66666667,0
457035.6232,4399561.805,16.66666667,0
457035.1232,4399561.805,16.66666667,0
457034.6232,4399561.805,16.66666667,0
457034.1232,4399561.805,16.66666667,0
457033.6232,4399561.805,16.66666667,0
457033.1232,4399561.805,16.66666667,0
457032.6232,4399561.805,16.66666667,0
457032.1232,4399561.805,16.66666667,0
457031.6232,4399561.805,16.66666667,0
457031.1232,4399561.805,16.66666667,0
457030.6232,4399561.805,16.66666667,0
457030.1232,4399561.805,16.66666667,0
457029.6232,4399561.805,16.66666667,0
457029.1232,4399561.805,16.66666667,0
457028.6232,4399561.805,16.66666667,0
457028.1232,4399561.805,16.66666667,0
457027.6232,4399561.805,16.66666667,0
457027.1232,4399561.805,16.66666667,0
457026.6232,4399561.805,16.66666667,0
457026.1232,4399561.805,16.66666667,0
457025.6232,4399561.805,16.66666667,0
457025.1232,4399561.805,16.66666667,0
457024.6232,4399561.805,16.66666667,0
457024.1232,4399561.805,16.66666667,0
457023.6232,4399561.805,16.66666667,0
457023.1232,4399561.805,16.66666667,0
457022.6232,4399561.805,16.66666667,0
457022.1232,4399561.805,16.66666667,0
457021.6232,4399561.805,16.66666667,0
457021.1232,4399561.805,16.66666667,0
457020.6232,4399561.805,16.66666667,0
457020.1232,4399561.805,16.66666667,0
457019.6232,4399561.805,16.66666667,0
457019.1232,4399561.805,16.66666667,0
457018.6232,4399561.805,16.66666667,0
457018.1232,4399561.805,16.66666667,0
457017.6232,4399561.805,16.66666667,0
457017.1232,4399561.805,16.66666667,0
457016.6232,4399561.805,16.66666667,0
457016.1232,4399561.805,16.66666667,0
457015.6232,4399561.805,16.66666667,0
457015.1232,4399561.805,16.66666667,0
457014.6232,4399561.805,16.66666667,0
457014.1232,4399561.805,16.66666667,0
457013.6232,4399561.805,16.66666667,0
457013.1232,4399561.805,16.66666667,0
457012.6232,4399561.805,16.66666667,0
457012.1232,4399561.805,16.66666667,0
457011.6232,4399561.805,16.66666667,0
457011.1232,4399561.805,16.66666667,0
457010.6232,4399561.805,16.66666667,0
457010.1232,4399561.805,16.66666667,0
457009.6232,4399561.805,16.66666667,0
457009.1232,4399561.805,16.66666667,0
457008.6232,4399561.805,16.66666667,0
457008.1232,4399561.805,16.66666667,0
457007.6232,4399561.805,16.66666667,0
457007.1232,4399561.805,16.66666667,0
457006.6232,4399561.805,16.66666667,0
457006.1232,4399561.805,16.66666667,0
457005.6232,4399561.805,16.66666667,0
457005.1232,4399561.805,16.66666667,0
457004.6232,4399561.805,16.66666667,0
457004.1232,4399561.805,16.66666667,0
457003.6232,4399561.805,16.66666667,0
457003.1232,4399561.805,16.66666667,0
457002.6232,4399561.805,16.66666667,0
457002.1232,4399561.805,16.66666667,0
457001.6232,4399561.805,16.66666667,0
457001.1232,4399561.805,16.66666667,0
457000.6232,4399561.805,16.66666667,0
457000.1232,4399561.805,16.66666667,0
456999.6232,4399561.805,16.66666667,0
456999.1232,4399561.805,16.66666667,0
456998.6232,4399561.805,16.66666667,0
456998.1232,4399561.805,16.66666667,0
456997.6232,4399561.805,16.66666667,0
456997.1232,4399561.805,16.66666667,0
456996.6232,4399561.805,16.66666667,0
456996.1232,4399561.805,16.66666667,0
456995.6232,4399561.805,16.66666667,0
456995.1232,4399561.805,16.66666667,-0.000102747
456994.6232,4399561.805,16.66666358,-0.017483076
456994.1232,4399561.805,16.66613909,-0.047484296
456993.6232,4399561.805,16.66471446,-0.077488081
456993.1232,4399561.805,16.66238939,-0.107496052
456992.6232,4399561.805,16.65916338,-0.137509836
456992.1232,4399561.805,16.65503574,-0.167531058
456991.6232,4399561.805,16.65000556,-0.19756135
456991.1232,4399561.805,16.64407176,-0.22760235
456990.6232,4399561.805,16.63723304,-0.257655699
456990.1232,4399561.805,16.62948793,-0.287723047
456989.6232,4399561.805,16.62083473,-0.317806049
456989.1232,4399561.805,16.61127155,-0.347906372
456988.6232,4399561.805,16.6007963,-0.37802569
456988.1232,4399561.805,16.58940667,-0.408165688
456987.6232,4399561.805,16.57710017,-0.438328064
456987.1232,4399561.805,16.56387406,-0.468514526
456986.6232,4399561.805,16.54972542,-0.498726797
456986.1232,4399561.805,16.5346511,-0.528966615
456985.6232,4399561.805,16.51864773,-0.559235731
456985.1232,4399561.805,16.50171172,-0.589535916
456984.6232,4399561.805,16.48383925,-0.619868956
456984.1232,4399561.805,16.46502628,-0.650236658
456983.6232,4399561.805,16.44526852,-0.680640848
456983.1232,4399561.805,16.42456146,-0.711083372
456982.6232,4399561.805,16.40290033,-0.741566102
456982.1232,4399561.805,16.38028011,-0.77209093
456981.6232,4399561.805,16.35669555,-0.802659776
456981.1232,4399561.805,16.33214111,-0.833274584
456980.6232,4399561.805,16.30661101,-0.863937328
456980.1232,4399561.805,16.28009919,-0.894650011
456979.6232,4399561.805,16.2525993,-0.925414665
456979.1232,4399561.805,16.22410471,-0.956233356
456978.6232,4399561.805,16.19460852,-0.987108185
456978.1232,4399561.805,16.16410349,-1.018041287
456977.6232,4399561.805,16.13258211,-1.049034834
456977.1232,4399561.805,16.10003652,-1.08009104
456976.6232,4399561.805,16.06645855,-1.111212157
456976.1232,4399561.805,16.03183968,-1.142400484
456975.6232,4399561.805,15.99617107,-1.173658363
456975.1232,4399561.805,15.95944349,-1.204988183
456974.6232,4399561.805,15.92164736,-1.236392383
456974.1232,4399561.805,15.8827727,-1.267873457
456973.6232,4399561.805,15.84280915,-1.299433951
456973.1232,4399561.805,15.80174594,-1.331076468
456972.6232,4399561.805,15.75957186,-1.362803672
456972.1232,4399561.805,15.71627529,-1.394618292
456971.6232,4399561.805,15.67184412,-1.426523118
456971.1232,4399561.805,15.6262658,-1.458521015
456970.6232,4399561.805,15.57952726,-1.490614917
456970.1232,4399561.805,15.53161495,-1.522807835
456969.6232,4399561.805,15.48251477,-1.555102859
456969.1232,4399561.805,15.43221208,-1.587503165
456968.6232,4399561.805,15.38069165,-1.620012015
456968.1232,4399561.805,15.32793766,-1.652632764
456967.6232,4399561.805,15.27393367,-1.685368866
456967.1232,4399561.805,15.21866258,-1.718223874
456966.6232,4399561.805,15.16210662,-1.751201451
456966.1232,4399561.805,15.10424729,-1.784305372
456965.6232,4399561.805,15.04506536,-1.817539529
456965.1232,4399561.805,14.98454081,-1.850907943
456964.6232,4399561.805,14.92265281,-1.884414765
456964.1232,4399561.805,14.85937966,-1.918064284
456963.6232,4399561.805,14.79469878,-1.951860939
456963.1232,4399561.805,14.72858661,-1.98580932
456962.6232,4399561.805,14.66101863,-2.019914183
456962.1232,4399561.805,14.59196925,-2.054180458
456961.6232,4399561.805,14.52141178,-2.088613256
456961.1232,4399561.805,14.44931836,-2.123217882
456960.6232,4399561.805,14.37565992,-2.157999849
456960.1232,4399561.805,14.30040606,-2.192964883
456959.6232,4399561.805,14.22352503,-2.228118947
456959.1232,4399561.805,14.14498362,-2.263468245
456958.6232,4399561.805,14.06474707,-2.299019243
456958.1232,4399561.805,13.98277899,-2.334778687
456957.6232,4399561.805,13.89904125,-2.370753617
456957.1232,4399561.805,13.81349385,-2.406951389
456956.6232,4399561.805,13.72609487,-2.443379697
456956.1232,4399561.805,13.63680023,-2.480046595
456955.6232,4399561.805,13.54556364,-2.516960524
456955.1232,4399561.805,13.45233642,-2.554130338
456954.6232,4399561.805,13.35706731,-2.591565332
456954.1232,4399561.805,13.25970228,-2.629275283
456953.6232,4399561.805,13.16018439,-2.667270477
456953.1232,4399561.805,13.05845348,-2.705561755
456952.6232,4399561.805,12.954446,-2.744160554
456952.1232,4399561.805,12.84809469,-2.783078959
456951.6232,4399561.805,12.73932831,-2.822329751
456951.1232,4399561.805,12.62807131,-2.861926471
456950.6232,4399561.805,12.51424343,-2.901883485
456950.1232,4399561.805,12.39775933,-2.942216058
456949.6232,4399561.805,12.27852812,-2.982940434
456949.1232,4399561.805,12.15645288,-3.024073931
456948.6232,4399561.805,12.03143002,-3.065635044
456948.1232,4399561.805,11.90334871,-3.107643561
456947.6232,4399561.805,11.77209012,-3.150120695
456947.1232,4399561.805,11.63752663,-3.193089233
456946.6232,4399561.805,11.49952085,-3.236573711
456946.1232,4399561.805,11.3579246,-3.280600603
456945.6232,4399561.805,11.21257768,-3.325198549
456945.1232,4399561.805,11.06330646,-3.370398614
456944.6232,4399561.805,10.90992228,-3.416234585
456944.1232,4399561.805,10.75221957,-3.462743318
456943.6232,4399561.805,10.58997364,-3.509965153
456943.1232,4399561.805,10.42293814,-3.557944387
456942.6232,4399561.805,10.25084203,-3.606729847
456942.1232,4399561.805,10.07338593,-3.656375567
456941.6232,4399561.805,9.890237865,-3.706941607
456941.1232,4399561.805,9.701028068,-3.758495035
456940.6232,4399561.805,9.505342653,-3.811111134
456940.1232,4399561.805,9.302715909,-3.864874892
456939.6232,4399561.805,9.092620737,-3.919882844
456939.1232,4399561.805,8.874456696,-3.976245407
456938.6232,4399561.805,8.647534876,-4.034089848
456938.1232,4399561.805,8.411058495,-4.065366392
456937.6232,4399561.805,8.165810452,-4.010148614
456937.1232,4399561.805,7.916448132,-3.946962425
456936.6232,4399561.805,7.663094324,-3.881684386
456936.1232,4399561.805,7.405480479,-3.81413214
456935.6232,4399561.805,7.143304734,-3.744096459
456935.1232,4399561.805,6.876225677,-3.671335477
456934.6232,4399561.805,6.603854498,-3.595567245
456934.1232,4399561.805,6.32574499,-3.516459975
456933.6232,4399561.805,6.041380618,-3.433619044
456933.1232,4399561.805,5.750157526,-3.346569346
456932.6232,4399561.805,5.451361778,-3.254730789
456932.1232,4399561.805,5.144138239,-3.157383418
456931.6232,4399561.805,4.827446923,-3.053616253
456931.1232,4399561.805,4.5,-2.94224957
456930.6232,4399561.805,4.160167646,-2.821711658
456930.1232,4399561.805,3.805831306,-2.689832785
456929.6232,4399561.805,3.434142728,-2.543476734
456929.1232,4399561.805,3.041100998,-2.37782028
456928.6232,4399561.805,2.620741394,-2.184756154
456928.1232,4399561.805,2.163374355,-1.948602208
456927.6232,4399561.805,1.650963624,-1.629685082
456927.1232,4399561.805,1.040041912,-0.721124785
456926.6232,4399561.805,0,0
